{"cameraMode":{"drawMode":0,"name":"Shaded","section":"Shading Mode"},"sceneLighting":false,"audioPlay":false,"sceneViewState":{"showFog":true,"showMaterialUpdate":true,"showSkybox":true,"showFlares":true,"showImageEffects":true,"showParticleSystems":true},"in2DMode":false,"pivot":{"x":2.2300000190734865,"y":1.4800000190734864,"z":2.390000104904175},"rotation":{"x":-0.1967635601758957,"y":-0.28723472356796267,"z":0.060420822352170947,"w":-0.9355028867721558},"size":4.041658401489258,"orthographic":false}