{"cameraMode":{"drawMode":0,"name":"Shaded","section":"Shading Mode"},"sceneLighting":true,"audioPlay":false,"sceneViewState":{"showFog":true,"showMaterialUpdate":true,"showSkybox":true,"showFlares":true,"showImageEffects":true,"showParticleSystems":true},"in2DMode":false,"pivot":{"x":-0.5345646142959595,"y":0.8532416820526123,"z":-0.10581196844577789},"rotation":{"x":0.2013128697872162,"y":0.46373221278190615,"z":-0.10908259451389313,"w":0.8559607863426209},"size":6.312196254730225,"orthographic":false}